<application>
  <component name="libraryTable">
    <library name="Python 2.7 interpreter library">
      <CLASSES>
        <root url="file:///usr/local/Cellar/python@2/2.7.15_1/Frameworks/Python.framework/Versions/2.7/lib/python2.7" />
        <root url="file:///usr/local/Cellar/python@2/2.7.15_1/Frameworks/Python.framework/Versions/2.7/lib/python2.7/plat-darwin" />
        <root url="file:///usr/local/Cellar/python@2/2.7.15_1/Frameworks/Python.framework/Versions/2.7/lib/python2.7/plat-mac" />
        <root url="file:///usr/local/Cellar/python@2/2.7.15_1/Frameworks/Python.framework/Versions/2.7/lib/python2.7/plat-mac/lib-scriptpackages" />
        <root url="file:///usr/local/Cellar/python@2/2.7.15_1/Frameworks/Python.framework/Versions/2.7/lib/python2.7/lib-tk" />
        <root url="file:///usr/local/Cellar/python@2/2.7.15_1/Frameworks/Python.framework/Versions/2.7/lib/python2.7/lib-dynload" />
        <root url="file:///usr/local/lib/python2.7/site-packages" />
        <root url="file:///usr/local/Cellar/protobuf/3.6.1/libexec/lib/python2.7/site-packages" />
        <root url="file://$USER_HOME$/Library/Caches/IntelliJIdea2018.3/python_stubs/-1199944087" />
        <root url="file://$APPLICATION_PLUGINS_DIR$/python/helpers/python-skeletons" />
        <root url="file://$APPLICATION_PLUGINS_DIR$/python/helpers/typeshed/stdlib/2" />
        <root url="file://$APPLICATION_PLUGINS_DIR$/python/helpers/typeshed/stdlib/2and3" />
        <root url="file://$APPLICATION_PLUGINS_DIR$/python/helpers/typeshed/third_party/2" />
        <root url="file://$APPLICATION_PLUGINS_DIR$/python/helpers/typeshed/third_party/2and3" />
      </CLASSES>
      <JAVADOC />
      <SOURCES>
        <root url="file:///usr/local/Cellar/python@2/2.7.15_1/Frameworks/Python.framework/Versions/2.7/lib/python2.7" />
        <root url="file:///usr/local/Cellar/python@2/2.7.15_1/Frameworks/Python.framework/Versions/2.7/lib/python2.7/plat-darwin" />
        <root url="file:///usr/local/Cellar/python@2/2.7.15_1/Frameworks/Python.framework/Versions/2.7/lib/python2.7/plat-mac" />
        <root url="file:///usr/local/Cellar/python@2/2.7.15_1/Frameworks/Python.framework/Versions/2.7/lib/python2.7/plat-mac/lib-scriptpackages" />
        <root url="file:///usr/local/Cellar/python@2/2.7.15_1/Frameworks/Python.framework/Versions/2.7/lib/python2.7/lib-tk" />
        <root url="file:///usr/local/Cellar/python@2/2.7.15_1/Frameworks/Python.framework/Versions/2.7/lib/python2.7/lib-dynload" />
        <root url="file:///usr/local/lib/python2.7/site-packages" />
        <root url="file:///usr/local/Cellar/protobuf/3.6.1/libexec/lib/python2.7/site-packages" />
        <root url="file://$USER_HOME$/Library/Caches/IntelliJIdea2018.3/python_stubs/-1199944087" />
        <root url="file://$APPLICATION_PLUGINS_DIR$/python/helpers/python-skeletons" />
        <root url="file://$APPLICATION_PLUGINS_DIR$/python/helpers/typeshed/stdlib/2" />
        <root url="file://$APPLICATION_PLUGINS_DIR$/python/helpers/typeshed/stdlib/2and3" />
        <root url="file://$APPLICATION_PLUGINS_DIR$/python/helpers/typeshed/third_party/2" />
        <root url="file://$APPLICATION_PLUGINS_DIR$/python/helpers/typeshed/third_party/2and3" />
      </SOURCES>
    </library>
    <library name="Python-anaconda3 interpreter library">
      <CLASSES>
        <root url="file:///opt/anaconda3/lib/python3.6" />
        <root url="file:///opt/anaconda3/lib/python3.6/lib-dynload" />
        <root url="file:///opt/anaconda3/lib/python3.6/site-packages" />
        <root url="file:///opt/anaconda3/lib/python3.6/site-packages/aeosa" />
        <root url="file://$USER_HOME$/Library/Caches/IntelliJIdea2018.2/python_stubs/1791921910" />
        <root url="file://$APPLICATION_PLUGINS_DIR$/python/helpers/python-skeletons" />
        <root url="file://$APPLICATION_PLUGINS_DIR$/python/helpers/typeshed/stdlib/3" />
        <root url="file://$APPLICATION_PLUGINS_DIR$/python/helpers/typeshed/stdlib/2and3" />
        <root url="file://$APPLICATION_PLUGINS_DIR$/python/helpers/typeshed/third_party/3" />
        <root url="file://$APPLICATION_PLUGINS_DIR$/python/helpers/typeshed/third_party/2and3" />
      </CLASSES>
      <JAVADOC />
      <SOURCES>
        <root url="file:///opt/anaconda3/lib/python3.6" />
        <root url="file:///opt/anaconda3/lib/python3.6/lib-dynload" />
        <root url="file:///opt/anaconda3/lib/python3.6/site-packages" />
        <root url="file:///opt/anaconda3/lib/python3.6/site-packages/aeosa" />
        <root url="file://$USER_HOME$/Library/Caches/IntelliJIdea2018.2/python_stubs/1791921910" />
        <root url="file://$APPLICATION_PLUGINS_DIR$/python/helpers/python-skeletons" />
        <root url="file://$APPLICATION_PLUGINS_DIR$/python/helpers/typeshed/stdlib/3" />
        <root url="file://$APPLICATION_PLUGINS_DIR$/python/helpers/typeshed/stdlib/2and3" />
        <root url="file://$APPLICATION_PLUGINS_DIR$/python/helpers/typeshed/third_party/3" />
        <root url="file://$APPLICATION_PLUGINS_DIR$/python/helpers/typeshed/third_party/2and3" />
      </SOURCES>
    </library>
    <library name="Python3 interpreter library">
      <CLASSES>
        <root url="file:///usr/local/Cellar/python3/3.6.4/Frameworks/Python.framework/Versions/3.6/lib/python3.6" />
        <root url="file:///usr/local/Cellar/python3/3.6.4/Frameworks/Python.framework/Versions/3.6/lib/python3.6/lib-dynload" />
        <root url="file:///usr/local/Cellar/python3/3.6.4/Frameworks/Python.framework/Versions/3.6/lib/python3.6/site-packages" />
        <root url="file:///usr/local/Cellar/python3/3.6.4/Frameworks/Python.framework/Versions/3.6/lib/python3.6/site-packages/certifi-2017.11.5-py3.6.egg" />
        <root url="file://$USER_HOME$/Library/Caches/IntelliJIdea2018.2/python_stubs/-1199943127" />
        <root url="file://$APPLICATION_PLUGINS_DIR$/python/helpers/python-skeletons" />
        <root url="file://$APPLICATION_PLUGINS_DIR$/python/helpers/typeshed/stdlib/3" />
        <root url="file://$APPLICATION_PLUGINS_DIR$/python/helpers/typeshed/stdlib/2and3" />
        <root url="file://$APPLICATION_PLUGINS_DIR$/python/helpers/typeshed/third_party/3" />
        <root url="file://$APPLICATION_PLUGINS_DIR$/python/helpers/typeshed/third_party/2and3" />
      </CLASSES>
      <JAVADOC />
      <SOURCES>
        <root url="file:///usr/local/Cellar/python3/3.6.4/Frameworks/Python.framework/Versions/3.6/lib/python3.6" />
        <root url="file:///usr/local/Cellar/python3/3.6.4/Frameworks/Python.framework/Versions/3.6/lib/python3.6/lib-dynload" />
        <root url="file:///usr/local/Cellar/python3/3.6.4/Frameworks/Python.framework/Versions/3.6/lib/python3.6/site-packages" />
        <root url="file:///usr/local/Cellar/python3/3.6.4/Frameworks/Python.framework/Versions/3.6/lib/python3.6/site-packages/certifi-2017.11.5-py3.6.egg" />
        <root url="file://$USER_HOME$/Library/Caches/IntelliJIdea2018.2/python_stubs/-1199943127" />
        <root url="file://$APPLICATION_PLUGINS_DIR$/python/helpers/python-skeletons" />
        <root url="file://$APPLICATION_PLUGINS_DIR$/python/helpers/typeshed/stdlib/3" />
        <root url="file://$APPLICATION_PLUGINS_DIR$/python/helpers/typeshed/stdlib/2and3" />
        <root url="file://$APPLICATION_PLUGINS_DIR$/python/helpers/typeshed/third_party/3" />
        <root url="file://$APPLICATION_PLUGINS_DIR$/python/helpers/typeshed/third_party/2and3" />
      </SOURCES>
    </library>
  </component>
</application>