<application>
  <component name="MaterialThemeConfig">
    <option name="compactDropdowns" value="true" />
    <option name="darkTitleBar" value="false" />
    <option name="fileIcons" value="false" />
    <option name="isCompactMenus" value="true" />
    <option name="isCompactStatusBar" value="true" />
    <option name="isCompactTables" value="true" />
    <option name="isDecoratedFolders" value="false" />
    <option name="isStyledDirectories" value="true" />
    <option name="isWizardShown" value="true" />
    <option name="overrideAccentColor" value="true" />
    <option name="pristineConfig" value="false" />
    <option name="upperCaseButtons" value="false" />
    <option name="useMaterialIcons" value="false" />
    <option name="useProjectViewDecorators" value="false" />
    <option name="tabOpacity" value="54" />
    <option name="rightTreeIndent" value="6" />
    <option name="settingsSelectedTab" value="3" />
    <option name="accentColor" value="42a5f5" />
    <option name="selectedTheme" value="ARC_DARK" />
    <option name="userId" value="76679a9b:167b643ee8f:-8000" />
    <option name="version" value="3.5.0" />
  </component>
</application>