<application>
  <component name="VimSettings">
    <state version="4" enabled="true" />
    <globalmarks />
    <filemarks>
      <file name="$USER_HOME$/Library/Caches/IntelliJIdea2018.3/python_stubs/1791921910/cv2/cv2/__init__.py" timestamp="1548660989065" />
      <file name="/a.dummy" timestamp="1547368234098">
        <mark key="[" line="0" column="0" />
        <mark key="]" line="0" column="0" />
        <mark key="." line="0" column="0" />
      </file>
      <file name="$MAVEN_REPOSITORY$/org/apache/zookeeper/zookeeper/3.4.6/zookeeper-3.4.6-sources.jar!/org/apache/zookeeper/ZooKeeper.java" timestamp="1548742117599" />
      <file name="$USER_HOME$/workspace/src/bigdata/pom.xml" timestamp="1548573751603">
        <mark key="[" line="21" column="3" />
        <mark key="]" line="63" column="16" />
        <mark key="." line="63" column="16" />
        <mark key="^" line="63" column="16" />
      </file>
      <file name="$USER_HOME$/workspace/src/zookeeper/zookeeper-server/src/main/java/org/apache/zookeeper/server/quorum/QuorumPeerConfig.java" timestamp="1548750014621">
        <mark key="[" line="157" column="43" />
        <mark key="]" line="157" column="54" />
        <mark key="^" line="157" column="54" />
        <mark key="." line="157" column="54" />
      </file>
      <file name="$USER_HOME$/workspace/okay_work/code/ailearn-student-svr/utils/log.py" timestamp="1547716152378">
        <mark key="[" line="25" column="32" />
        <mark key="]" line="25" column="36" />
        <mark key="." line="25" column="36" />
        <mark key="^" line="25" column="36" />
      </file>
      <file name="$USER_HOME$/go/src/ailearn-student-svr/utils/mysql_test.go" timestamp="1547532459502">
        <mark key="[" line="29" column="20" />
        <mark key="]" line="29" column="20" />
        <mark key="." line="29" column="20" />
        <mark key="^" line="28" column="8" />
      </file>
      <file name="$USER_HOME$/workspace/okay_work/code/ailearn-student-svr/test/test_pull_questions.py" timestamp="1547519034512">
        <mark key="[" line="67" column="0" />
        <mark key="]" line="67" column="0" />
        <mark key="." line="67" column="0" />
      </file>
      <file name="$USER_HOME$/workspace/okay_work/code/ailearn-student-svr/utils/decorator.py" timestamp="1547722839589">
        <mark key="[" line="45" column="15" />
        <mark key="]" line="45" column="15" />
        <mark key="." line="45" column="15" />
        <mark key="^" line="45" column="20" />
      </file>
      <file name="$USER_HOME$/workspace/code/java/bigdata/src/main/java/com/xiaolele/bigdata/kafka/Demo.java" timestamp="1548731333283">
        <mark key="[" line="32" column="0" />
        <mark key="]" line="32" column="0" />
        <mark key="." line="32" column="0" />
      </file>
      <file name="$USER_HOME$/workspace/code/java/bigdata/pom.xml" timestamp="1548728797624">
        <mark key="[" line="63" column="17" />
        <mark key="]" line="72" column="0" />
        <mark key="^" line="72" column="0" />
        <mark key="." line="72" column="0" />
      </file>
      <file name="$USER_HOME$/workspace/okay_work/code/ailearn-student-svr/log/test_log.log" timestamp="1547726336825">
        <mark key="[" line="0" column="0" />
        <mark key="]" line="0" column="0" />
        <mark key="." line="0" column="0" />
      </file>
      <file name="/Python Script.txt.ft" timestamp="1548660796259">
        <mark key="[" line="0" column="0" />
        <mark key="]" line="5" column="21" />
        <mark key="." line="5" column="21" />
      </file>
      <file name="$USER_HOME$/workspace/okay_work/code/ailearn-student-svr/utils/__init__.py" timestamp="1547445896155">
        <mark key="[" line="8" column="22" />
        <mark key="]" line="8" column="39" />
        <mark key="^" line="8" column="39" />
        <mark key="." line="8" column="39" />
      </file>
      <file name="/Go File.txt.ft" timestamp="1548568955234">
        <mark key="[" line="0" column="0" />
      </file>
      <file name="$USER_HOME$/github/ai/opencv_test/pic_feature_project.py" timestamp="1548726009684">
        <mark key="[" line="24" column="22" />
        <mark key="]" line="24" column="22" />
        <mark key="." line="24" column="22" />
        <mark key="^" line="24" column="22" />
      </file>
      <file name="$USER_HOME$/workspace/src/zookeeper/zookeeper-server/src/main/java/org/apache/zookeeper/server/quorum/QuorumPeerMain.java" timestamp="1548749748294">
        <mark key="[" line="111" column="47" />
        <mark key="]" line="111" column="50" />
        <mark key="^" line="111" column="50" />
        <mark key="." line="116" column="61" />
      </file>
      <file name="$USER_HOME$/workspace/okay_work/code/ailearn-student-svr/common/error.py" timestamp="1547705648965">
        <mark key="[" line="8" column="11" />
        <mark key="]" line="8" column="20" />
        <mark key="." line="8" column="20" />
        <mark key="^" line="8" column="20" />
      </file>
      <file name="$USER_HOME$/workspace/okay_work/code/ailearn-student-svr/service/query_questtion/route.py" timestamp="1547723144146">
        <mark key="[" line="120" column="8" />
        <mark key="]" line="120" column="8" />
        <mark key="^" line="120" column="8" />
        <mark key="." line="120" column="8" />
      </file>
      <file name="$USER_HOME$/github/ai/opencv_test/opencv1.py" timestamp="1548671396701">
        <mark key="[" line="48" column="18" />
        <mark key="]" line="48" column="18" />
        <mark key="^" line="48" column="17" />
        <mark key="." line="48" column="18" />
      </file>
      <file name="$USER_HOME$/workspace/okay_work/code/ailearn-student-svr/service/query_questtion/get_questions.py" timestamp="1548560285914">
        <mark key="[" line="68" column="13" />
        <mark key="]" line="68" column="13" />
        <mark key="^" line="68" column="13" />
        <mark key="." line="68" column="13" />
      </file>
      <file name="$MAVEN_REPOSITORY$/org/apache/zookeeper/zookeeper/3.4.6/zookeeper-3.4.6-sources.jar!/org/apache/zookeeper/server/quorum/QuorumPeer.java" timestamp="1548747249102">
        <mark key="'" line="813" column="33" />
      </file>
      <file name="$USER_HOME$/go/src/ailearn-student-svr/utils/log.go" timestamp="1547522640848">
        <mark key="[" line="14" column="11" />
        <mark key="]" line="14" column="11" />
        <mark key="." line="14" column="11" />
        <mark key="^" line="7" column="21" />
      </file>
      <file name="/Python Console" timestamp="1548560152458">
        <mark key="[" line="0" column="0" />
      </file>
      <file name="/fragment.py" timestamp="1547707500164">
        <mark key="[" line="0" column="0" />
        <mark key="]" line="0" column="0" />
        <mark key="." line="0" column="0" />
      </file>
      <file name="$USER_HOME$/code/python_test/unit_test.py" timestamp="1547518912724">
        <mark key="[" line="8" column="0" />
        <mark key="]" line="8" column="0" />
        <mark key="." line="8" column="0" />
      </file>
      <file name="$USER_HOME$/workspace/code/java/bigdata/test/pom.xml" timestamp="1548571276932">
        <mark key="[" line="21" column="6" />
        <mark key="]" line="26" column="17" />
        <mark key="^" line="21" column="5" />
        <mark key="." line="21" column="6" />
      </file>
      <file name="$MAVEN_REPOSITORY$/org/apache/kafka/kafka-clients/2.0.0/kafka-clients-2.0.0-sources.jar!/org/apache/kafka/clients/producer/internals/DefaultPartitioner.java" timestamp="1548647434083" />
      <file name="$USER_HOME$/github/ai/ai_correct/test.py" timestamp="1548569093838">
        <mark key="[" line="8" column="3" />
      </file>
      <file name="$USER_HOME$/workspace/okay_work/code/ailearn-student-svr/config/config.py" timestamp="1547692865728">
        <mark key="[" line="34" column="55" />
        <mark key="]" line="34" column="59" />
        <mark key="." line="34" column="59" />
        <mark key="^" line="34" column="59" />
      </file>
      <file name="$USER_HOME$/code/bigDataCode/src/main/java/com/test/hadoop/HdfsTest.java" timestamp="1547366692325">
        <mark key="[" line="2" column="0" />
        <mark key="]" line="2" column="0" />
        <mark key="." line="2" column="0" />
      </file>
      <file name="$USER_HOME$/github/bigData/src/main/java/com/xiaolele/bigdata/zookeeper/Demo.java" timestamp="1548745720952">
        <mark key="[" line="53" column="35" />
        <mark key="]" line="53" column="41" />
        <mark key="." line="53" column="41" />
        <mark key="^" line="53" column="41" />
      </file>
      <file name="$USER_HOME$/go/src/ailearn-student-svr/controllers/helpers.go" timestamp="1547775084020">
        <mark key="[" line="34" column="0" />
        <mark key="]" line="34" column="0" />
        <mark key="." line="34" column="0" />
      </file>
      <file name="$USER_HOME$/code/bigDataCode/pom.xml" timestamp="1548484479735">
        <mark key="[" line="46" column="21" />
        <mark key="]" line="48" column="20" />
        <mark key="^" line="48" column="20" />
        <mark key="." line="48" column="20" />
      </file>
      <file name="$USER_HOME$/go/src/ailearn-student-svr/controllers/handler.go" timestamp="1547774680444">
        <mark key="[" line="13" column="0" />
        <mark key="]" line="13" column="0" />
        <mark key="." line="13" column="0" />
      </file>
      <file name="$USER_HOME$/workspace/code/java/bigdata/test/src/main/java/com/test/bigdata/hadoop/com/test/bigdata/HadoopDemo.java" timestamp="1548570992372">
        <mark key="[" line="2" column="25" />
        <mark key="]" line="4" column="38" />
        <mark key="^" line="4" column="38" />
        <mark key="." line="4" column="38" />
      </file>
      <file name="$USER_HOME$/code/bigDataCode/src/main/java/com/test/myhadoop/TestTe.java" timestamp="1547774792945">
        <mark key="[" line="2" column="21" />
        <mark key="]" line="4" column="37" />
        <mark key="^" line="4" column="37" />
        <mark key="." line="4" column="37" />
      </file>
      <file name="/HTML File.txt.ft" timestamp="1548725981621">
        <mark key="[" line="0" column="0" />
      </file>
      <file name="$USER_HOME$/go/src/ailearn-student-svr/controllers/pull.go" timestamp="1547554719988">
        <mark key="[" line="91" column="21" />
        <mark key="]" line="91" column="21" />
        <mark key="." line="91" column="21" />
        <mark key="^" line="91" column="21" />
      </file>
      <file name="$USER_HOME$/code/bigDataCode/src/main/java/com/test/myhadoop/testHadoopHdfs.java" timestamp="1547368183302">
        <mark key="[" line="12" column="25" />
        <mark key="]" line="12" column="31" />
        <mark key="." line="12" column="31" />
        <mark key="^" line="12" column="31" />
      </file>
      <file name="$USER_HOME$/workspace/code/java/bigdata/bigdata_practice_code/src/main/java/com/test/zookeeper/ZooKeeperDemo.java" timestamp="1548570236898">
        <mark key="[" line="5" column="53" />
        <mark key="]" line="5" column="53" />
        <mark key="." line="5" column="53" />
        <mark key="^" line="5" column="52" />
      </file>
      <file name="$USER_HOME$/workspace/code/java/bigdata/test/src/main/java/com/test/bigdata/hadoop/HadoopDemo.java" timestamp="1548571483409">
        <mark key="[" line="0" column="31" />
        <mark key="]" line="0" column="31" />
        <mark key="." line="0" column="31" />
        <mark key="^" line="0" column="31" />
      </file>
      <file name="/Dummy.txt" timestamp="1548726118365">
        <mark key="[" line="0" column="0" />
      </file>
      <file name="$USER_HOME$/code/bigDataCode/src/main/java/com/test/mykafka/KafkaSimple.java" timestamp="1548495801719">
        <mark key="[" line="10" column="0" />
        <mark key="]" line="10" column="0" />
        <mark key="^" line="32" column="45" />
        <mark key="." line="10" column="0" />
      </file>
      <file name="$USER_HOME$/workspace/src/bigdata/src/main/java/com/xiaolele/bigdata/kafka/Demo.java" timestamp="1548574286026">
        <mark key="[" line="14" column="56" />
        <mark key="]" line="14" column="56" />
        <mark key="^" line="14" column="57" />
        <mark key="." line="14" column="56" />
      </file>
      <file name="$MAVEN_REPOSITORY$/org/apache/kafka/kafka-clients/2.0.0/kafka-clients-2.0.0-sources.jar!/org/apache/kafka/clients/producer/KafkaProducer.java" timestamp="1548647507460" />
      <file name="$USER_HOME$/workspace/okay_work/code/ailearn-ol-statistics/test/test.py" timestamp="1547607989354">
        <mark key="[" line="36" column="66" />
        <mark key="]" line="37" column="7" />
        <mark key="." line="37" column="7" />
        <mark key="^" line="37" column="7" />
      </file>
      <file name="$USER_HOME$/github/ai/opencv_test/pic_read.py" timestamp="1548660856900">
        <mark key="[" line="5" column="22" />
        <mark key="]" line="6" column="18" />
        <mark key="^" line="6" column="18" />
        <mark key="." line="6" column="18" />
      </file>
      <file name="$MAVEN_REPOSITORY$/org/apache/zookeeper/zookeeper/3.4.6/zookeeper-3.4.6-sources.jar!/org/apache/zookeeper/server/quorum/QuorumPeerMain.java" timestamp="1548748376107">
        <mark key="[" line="106" column="9" />
        <mark key="]" line="106" column="8" />
        <mark key="^" line="106" column="8" />
        <mark key="." line="106" column="8" />
      </file>
      <file name="$USER_HOME$/workspace/code/java/bigdata/test/src/main/java/com/test/bigdata/kafka/KafkaDemo.java" timestamp="1548571707708">
        <mark key="[" line="9" column="83" />
        <mark key="]" line="9" column="87" />
        <mark key="^" line="9" column="87" />
        <mark key="." line="9" column="87" />
      </file>
      <file name="$USER_HOME$/code/python_test/my_func.py" timestamp="1547518871806">
        <mark key="[" line="5" column="13" />
        <mark key="]" line="5" column="14" />
        <mark key="^" line="5" column="14" />
        <mark key="." line="5" column="14" />
      </file>
      <file name="$USER_HOME$/github/ai/opencv_test/pic_process.py" timestamp="1548660833982">
        <mark key="[" line="6" column="6" />
        <mark key="]" line="6" column="17" />
        <mark key="^" line="6" column="17" />
        <mark key="." line="6" column="17" />
      </file>
      <file name="$USER_HOME$/go/src/ailearn-student-svr/utils/log_test.go" timestamp="1547522169417">
        <mark key="[" line="8" column="4" />
        <mark key="]" line="8" column="4" />
        <mark key="." line="8" column="4" />
        <mark key="^" line="8" column="4" />
      </file>
      <file name="$USER_HOME$/workspace/code/java/bigdata/src/main/java/com/xiaolele/bigdata/zookeeper/Demo.java" timestamp="1548733103728">
        <mark key="[" line="47" column="52" />
        <mark key="]" line="47" column="55" />
        <mark key="^" line="47" column="55" />
        <mark key="." line="47" column="55" />
      </file>
      <file name="$USER_HOME$/go/src/ailearn-student-svr/main.go" timestamp="1547556145750">
        <mark key="[" line="9" column="33" />
        <mark key="]" line="9" column="35" />
        <mark key="^" line="9" column="35" />
        <mark key="." line="9" column="35" />
      </file>
      <file name="$USER_HOME$/code/bigDataCode/src/main/java/com/test/myhadoop/TestHadoopDemo.java" timestamp="1547775001074">
        <mark key="[" line="28" column="0" />
        <mark key="]" line="28" column="0" />
        <mark key="." line="28" column="0" />
      </file>
    </filemarks>
    <jumps>
      <jump line="1968" column="18" filename="/usr/local/Cellar/python3/3.6.4/Frameworks/Python.framework/Versions/3.6/lib/python3.6/site-packages/flask/app.py" />
      <jump line="1319" column="51" filename="/usr/local/Cellar/python3/3.6.4/Frameworks/Python.framework/Versions/3.6/lib/python3.6/site-packages/flask/app.py" />
      <jump line="1329" column="12" filename="/usr/local/Cellar/python3/3.6.4/Frameworks/Python.framework/Versions/3.6/lib/python3.6/site-packages/flask/app.py" />
      <jump line="1339" column="30" filename="/usr/local/Cellar/python3/3.6.4/Frameworks/Python.framework/Versions/3.6/lib/python3.6/site-packages/flask/app.py" />
      <jump line="795" column="0" filename="/usr/local/Cellar/python3/3.6.4/Frameworks/Python.framework/Versions/3.6/lib/python3.6/site-packages/flask/app.py" />
      <jump line="332" column="4" filename="/usr/local/go/src/net/http/fcgi/child.go" />
      <jump line="1682" column="97" filename="$USER_HOME$/workspace/okay_work/code/java_teacher_pad_student/studentpad-middle-toc-hotfix/src/main/java/com/noriental/moudle/global/common/AbstractGlobalService.java" />
      <jump line="515" column="9" filename="/usr/local/Cellar/python3/3.6.4/Frameworks/Python.framework/Versions/3.6/lib/python3.6/site-packages/flask/app.py" />
      <jump line="169" column="4" filename="$USER_HOME$/Library/Caches/IntelliJIdea2018.3/python_stubs/-1199943127/builtins.py" />
      <jump line="0" column="0" filename="$USER_HOME$/Library/Caches/IntelliJIdea2018.3/python_stubs/-1199943127/builtins.py" />
      <jump line="411" column="0" filename="$USER_HOME$/workspace/okay_work/code/java_teacher_pad_student/studentpad-middle-toc-hotfix/src/main/java/com/noriental/moudle/preview/service/impl/PreviewServiceImpl.java" />
      <jump line="756" column="38" filename="/usr/local/Cellar/python3/3.6.4/Frameworks/Python.framework/Versions/3.6/lib/python3.6/site-packages/flask/app.py" />
      <jump line="1723" column="21" filename="/usr/local/Cellar/python3/3.6.4/Frameworks/Python.framework/Versions/3.6/lib/python3.6/site-packages/flask/app.py" />
      <jump line="378" column="55" filename="/usr/local/Cellar/python3/3.6.4/Frameworks/Python.framework/Versions/3.6/lib/python3.6/site-packages/flask/app.py" />
      <jump line="512" column="26" filename="/usr/local/Cellar/python3/3.6.4/Frameworks/Python.framework/Versions/3.6/lib/python3.6/site-packages/flask/app.py" />
      <jump line="961" column="63" filename="/usr/local/Cellar/python3/3.6.4/Frameworks/Python.framework/Versions/3.6/lib/python3.6/site-packages/flask/app.py" />
      <jump line="967" column="17" filename="/usr/local/Cellar/python3/3.6.4/Frameworks/Python.framework/Versions/3.6/lib/python3.6/site-packages/flask/app.py" />
      <jump line="982" column="26" filename="/usr/local/Cellar/python3/3.6.4/Frameworks/Python.framework/Versions/3.6/lib/python3.6/site-packages/flask/app.py" />
      <jump line="986" column="48" filename="/usr/local/Cellar/python3/3.6.4/Frameworks/Python.framework/Versions/3.6/lib/python3.6/site-packages/flask/app.py" />
      <jump line="1021" column="47" filename="/usr/local/Cellar/python3/3.6.4/Frameworks/Python.framework/Versions/3.6/lib/python3.6/site-packages/flask/app.py" />
      <jump line="1053" column="8" filename="/usr/local/Cellar/python3/3.6.4/Frameworks/Python.framework/Versions/3.6/lib/python3.6/site-packages/flask/app.py" />
      <jump line="1981" column="35" filename="/usr/local/Cellar/python3/3.6.4/Frameworks/Python.framework/Versions/3.6/lib/python3.6/site-packages/flask/app.py" />
      <jump line="322" column="14" filename="/usr/local/Cellar/python3/3.6.4/Frameworks/Python.framework/Versions/3.6/lib/python3.6/site-packages/flask/app.py" />
      <jump line="538" column="17" filename="/usr/local/Cellar/python3/3.6.4/Frameworks/Python.framework/Versions/3.6/lib/python3.6/site-packages/flask/app.py" />
      <jump line="348" column="5" filename="/usr/local/go/src/database/sql/sql.go" />
      <jump line="34" column="8" filename="/usr/local/go/src/database/sql/sql.go" />
      <jump line="44" column="4" filename="/usr/local/go/src/database/sql/sql.go" />
      <jump line="45" column="10" filename="/usr/local/go/src/database/sql/sql.go" />
      <jump line="49" column="17" filename="/usr/local/go/src/database/sql/sql.go" />
      <jump line="52" column="4" filename="/usr/local/go/src/database/sql/sql.go" />
      <jump line="56" column="4" filename="/usr/local/go/src/database/sql/sql.go" />
      <jump line="57" column="10" filename="/usr/local/go/src/database/sql/sql.go" />
      <jump line="59" column="4" filename="/usr/local/go/src/database/sql/sql.go" />
      <jump line="62" column="64" filename="/usr/local/go/src/database/sql/sql.go" />
      <jump line="64" column="4" filename="/usr/local/go/src/database/sql/sql.go" />
      <jump line="747" column="10" filename="/usr/local/go/src/database/sql/sql.go" />
      <jump line="1370" column="14" filename="/usr/local/go/src/database/sql/sql.go" />
      <jump line="1372" column="23" filename="/usr/local/go/src/database/sql/sql.go" />
      <jump line="1419" column="69" filename="/usr/local/go/src/database/sql/sql.go" />
      <jump line="1436" column="41" filename="/usr/local/go/src/database/sql/sql.go" />
      <jump line="1440" column="61" filename="/usr/local/go/src/database/sql/sql.go" />
      <jump line="1448" column="100" filename="/usr/local/go/src/database/sql/sql.go" />
      <jump line="1489" column="70" filename="/usr/local/go/src/database/sql/sql.go" />
      <jump line="1506" column="42" filename="/usr/local/go/src/database/sql/sql.go" />
      <jump line="1510" column="62" filename="/usr/local/go/src/database/sql/sql.go" />
      <jump line="1523" column="112" filename="/usr/local/go/src/database/sql/sql.go" />
      <jump line="1593" column="73" filename="/usr/local/go/src/database/sql/sql.go" />
      <jump line="1604" column="45" filename="/usr/local/go/src/database/sql/sql.go" />
      <jump line="1760" column="70" filename="/usr/local/go/src/database/sql/sql.go" />
      <jump line="1770" column="71" filename="/usr/local/go/src/database/sql/sql.go" />
      <jump line="1784" column="74" filename="/usr/local/go/src/database/sql/sql.go" />
      <jump line="2181" column="69" filename="/usr/local/go/src/database/sql/sql.go" />
      <jump line="2191" column="41" filename="/usr/local/go/src/database/sql/sql.go" />
      <jump line="2196" column="70" filename="/usr/local/go/src/database/sql/sql.go" />
      <jump line="2206" column="42" filename="/usr/local/go/src/database/sql/sql.go" />
      <jump line="2216" column="73" filename="/usr/local/go/src/database/sql/sql.go" />
      <jump line="2227" column="45" filename="/usr/local/go/src/database/sql/sql.go" />
      <jump line="2239" column="21" filename="/usr/local/go/src/database/sql/sql.go" />
      <jump line="37" column="36" filename="/usr/local/go/src/database/sql/sql.go" />
      <jump line="363" column="7" filename="/usr/local/go/src/database/sql/sql.go" />
      <jump line="365" column="37" filename="/usr/local/go/src/database/sql/sql.go" />
      <jump line="51" column="17" filename="$USER_HOME$/go/src/ailearn-student-svr/utils/mysql.go" />
      <jump line="694" column="12" filename="/usr/local/go/src/database/sql/sql.go" />
      <jump line="765" column="66" filename="$USER_HOME$/workspace/okay_work/code/java_teacher_pad_student/studentpad-middle-toc-hotfix/src/main/java/com/noriental/moudle/global/common/AbstractGlobalService.java" />
      <jump line="15" column="20" filename="$USER_HOME$/go/src/ailearn-student-svr/controllers/utils.go" />
      <jump line="585" column="43" filename="$USER_HOME$/workspace/okay_work/code/ailearn-student-svr/service/query_questtion/handler.py" />
      <jump line="67" column="6" filename="/usr/local/Cellar/python3/3.6.4/Frameworks/Python.framework/Versions/3.6/lib/python3.6/site-packages/flask/app.py" />
      <jump line="733" column="0" filename="/usr/local/Cellar/python3/3.6.4/Frameworks/Python.framework/Versions/3.6/lib/python3.6/site-packages/flask/app.py" />
      <jump line="784" column="21" filename="/usr/local/Cellar/python3/3.6.4/Frameworks/Python.framework/Versions/3.6/lib/python3.6/site-packages/flask/app.py" />
      <jump line="658" column="0" filename="/usr/local/Cellar/python3/3.6.4/Frameworks/Python.framework/Versions/3.6/lib/python3.6/site-packages/flask/app.py" />
      <jump line="781" column="8" filename="/usr/local/Cellar/python3/3.6.4/Frameworks/Python.framework/Versions/3.6/lib/python3.6/site-packages/flask/app.py" />
      <jump line="826" column="22" filename="/usr/local/Cellar/python3/3.6.4/Frameworks/Python.framework/Versions/3.6/lib/python3.6/site-packages/flask/app.py" />
      <jump line="85" column="0" filename="/usr/local/Cellar/python3/3.6.4/Frameworks/Python.framework/Versions/3.6/lib/python3.6/site-packages/flask/app.py" />
      <jump line="215" column="18" filename="/usr/local/Cellar/python3/3.6.4/Frameworks/Python.framework/Versions/3.6/lib/python3.6/site-packages/flask/app.py" />
      <jump line="827" column="8" filename="/usr/local/Cellar/python3/3.6.4/Frameworks/Python.framework/Versions/3.6/lib/python3.6/site-packages/flask/app.py" />
      <jump line="1986" column="40" filename="/usr/local/Cellar/python3/3.6.4/Frameworks/Python.framework/Versions/3.6/lib/python3.6/site-packages/flask/app.py" />
      <jump line="1603" column="0" filename="/usr/local/Cellar/python3/3.6.4/Frameworks/Python.framework/Versions/3.6/lib/python3.6/site-packages/flask/app.py" />
      <jump line="1818" column="22" filename="/usr/local/Cellar/python3/3.6.4/Frameworks/Python.framework/Versions/3.6/lib/python3.6/site-packages/flask/app.py" />
      <jump line="296" column="43" filename="/usr/local/Cellar/python3/3.6.4/Frameworks/Python.framework/Versions/3.6/lib/python3.6/site-packages/flask/app.py" />
      <jump line="773" column="0" filename="/usr/local/Cellar/python3/3.6.4/Frameworks/Python.framework/Versions/3.6/lib/python3.6/site-packages/flask/app.py" />
      <jump line="840" column="18" filename="/usr/local/Cellar/python3/3.6.4/Frameworks/Python.framework/Versions/3.6/lib/python3.6/site-packages/flask/app.py" />
      <jump line="1996" column="0" filename="/usr/local/Cellar/python3/3.6.4/Frameworks/Python.framework/Versions/3.6/lib/python3.6/site-packages/flask/app.py" />
      <jump line="222" column="4" filename="/usr/local/Cellar/python3/3.6.4/Frameworks/Python.framework/Versions/3.6/lib/python3.6/site-packages/flask/app.py" />
      <jump line="480" column="70" filename="/usr/local/Cellar/python3/3.6.4/Frameworks/Python.framework/Versions/3.6/lib/python3.6/site-packages/flask/app.py" />
      <jump line="534" column="30" filename="/usr/local/Cellar/python3/3.6.4/Frameworks/Python.framework/Versions/3.6/lib/python3.6/site-packages/flask/app.py" />
      <jump line="564" column="55" filename="/usr/local/Cellar/python3/3.6.4/Frameworks/Python.framework/Versions/3.6/lib/python3.6/site-packages/flask/app.py" />
      <jump line="771" column="27" filename="/usr/local/Cellar/python3/3.6.4/Frameworks/Python.framework/Versions/3.6/lib/python3.6/site-packages/flask/app.py" />
      <jump line="838" column="20" filename="$USER_HOME$/Library/Caches/IntelliJIdea2018.3/python_stubs/-1199943127/_socket.py" />
      <jump line="155" column="24" filename="/usr/local/Cellar/python3/3.6.4/Frameworks/Python.framework/Versions/3.6/lib/python3.6/socket.py" />
      <jump line="204" column="24" filename="/usr/local/Cellar/python3/3.6.4/Frameworks/Python.framework/Versions/3.6/lib/python3.6/socket.py" />
      <jump line="761" column="14" filename="/usr/local/Cellar/python3/3.6.4/Frameworks/Python.framework/Versions/3.6/lib/python3.6/site-packages/werkzeug/serving.py" />
      <jump line="203" column="0" filename="/usr/local/Cellar/python3/3.6.4/Frameworks/Python.framework/Versions/3.6/lib/python3.6/site-packages/werkzeug/serving.py" />
      <jump line="206" column="8" filename="/usr/local/Cellar/python3/3.6.4/Frameworks/Python.framework/Versions/3.6/lib/python3.6/site-packages/werkzeug/serving.py" />
      <jump line="838" column="53" filename="/usr/local/Cellar/python3/3.6.4/Frameworks/Python.framework/Versions/3.6/lib/python3.6/site-packages/flask/app.py" />
      <jump line="186" column="32" filename="$USER_HOME$/go/src/github.com/astaxie/beego/context/output.go" />
      <jump line="37" column="16" filename="$USER_HOME$/workspace/okay_work/code/ailearn-ol-statistics/utils/log.py" />
      <jump line="474" column="11" filename="/Library/Java/JavaVirtualMachines/jdk1.8.0_181.jdk/Contents/Home/src.zip!/java/util/HashMap.java" />
      <jump line="560" column="13" filename="$USER_HOME$/workspace/okay_work/code/ailearn-student-svr/service/query_questtion/handler.py" />
      <jump line="77" column="71" filename="$MAVEN_REPOSITORY$/org/apache/zookeeper/zookeeper/3.4.6/zookeeper-3.4.6-sources.jar!/org/apache/zookeeper/server/quorum/QuorumPeer.java" />
      <jump line="813" column="33" filename="$MAVEN_REPOSITORY$/org/apache/zookeeper/zookeeper/3.4.6/zookeeper-3.4.6-sources.jar!/org/apache/zookeeper/server/quorum/QuorumPeer.java" />
    </jumps>
    <registers>
      <register name="&quot;" type="4">
        <text>.</text>
      </register>
      <register name="-" type="4">
        <text>.</text>
      </register>
      <register name="/" type="4">
        <text>main</text>
      </register>
      <register name="0" type="2">
        <text encoding="base64">ICAgICAgICAgICAgU3lzdGVtLm91dC5wcmludGxuKHN0YXQuZ2V0Q3ZlcnNpb24oKSk7ICAvLyBnZXQgY2hpbGQgbm9kZSB2ZXJzaW9uCg==</text>
      </register>
      <register name="1" type="2">
        <text encoding="base64">Cg==</text>
      </register>
      <register name="2" type="2">
        <text encoding="base64">Cg==</text>
      </register>
      <register name="3" type="2">
        <text encoding="base64">ICAgICAgICB6ay4K</text>
      </register>
      <register name="4" type="2">
        <text encoding="base64">ICAgICAgICAK</text>
      </register>
      <register name="5" type="2">
        <text encoding="base64">Cg==</text>
      </register>
      <register name="6" type="2">
        <text encoding="base64">ICAgICAgICBTeXN0ZW0ub3V0LnByaW50bG4obm9kZVBhdGgpOwo=</text>
      </register>
      <register name="7" type="2">
        <text encoding="base64">Cg==</text>
      </register>
      <register name="8" type="2">
        <text encoding="base64">Cg==</text>
      </register>
      <register name="9" type="2">
        <text encoding="base64">Cg==</text>
      </register>
      <register name=":" type="4">
        <text>w</text>
      </register>
    </registers>
    <search>
      <last-search>main</last-search>
      <last-offset />
      <last-pattern>main</last-pattern>
      <last-dir>1</last-dir>
      <show-last>false</show-last>
    </search>
    <history>
      <history-search>
        <entry encoding="base64">XDxjb3VudE1hcFw+</entry>
        <entry encoding="base64">XDxNeURpc2Nvbm5lY3RMaXN0ZW5lclw+</entry>
        <entry>send</entry>
        <entry>open_resource</entry>
        <entry encoding="base64">XDxkZXRhaWxcPg==</entry>
        <entry>online</entry>
        <entry>__call__</entry>
        <entry>__str__</entry>
        <entry>route</entry>
        <entry>add_url</entry>
        <entry>drivers</entry>
        <entry>interface</entry>
        <entry>Open</entry>
        <entry>run</entry>
        <entry>_accept</entry>
        <entry>execute</entry>
        <entry>run_wsgin</entry>
        <entry>run_wsgi</entry>
        <entry encoding="base64">XDxkYXRhXD4=</entry>
        <entry>main</entry>
      </history-search>
      <history-cmd>
        <entry>Lq</entry>
        <entry>x</entry>
        <entry>ew</entry>
        <entry>2w</entry>
        <entry>:q</entry>
        <entry>w\</entry>
        <entry>Lw</entry>
        <entry>3w</entry>
        <entry>q</entry>
        <entry>w</entry>
      </history-cmd>
      <history-expr />
      <history-input />
    </history>
    <shortcut-conflicts>
      <shortcut-conflict owner="ide">
        <text>ctrl pressed N</text>
      </shortcut-conflict>
      <shortcut-conflict owner="vim">
        <text>ctrl pressed V</text>
      </shortcut-conflict>
      <shortcut-conflict owner="vim">
        <text>ctrl pressed G</text>
      </shortcut-conflict>
      <shortcut-conflict owner="vim">
        <text>ctrl pressed O</text>
      </shortcut-conflict>
    </shortcut-conflicts>
  </component>
</application>